{
  "name": "nexus",
  "title": "Nexus",
  "description": "<p><span style=\"color:#dcddde;font-family:Whitney, 'Helvetica Neue', Helvetica, Arial, sans-serif;font-size:16px;white-space:break-spaces;background-color:rgba(4, 4, 5, 0.07)\">It didn't take long to learn that the gates attune at random to other worlds. Connections sometimes last for years, and other times for only a couple weeks. The Nexus has flooded with adventurers wishing to take advantage of this both for exploration and for contracting themselves out to untapped markets in other worlds. The company that eventually purchased the nexus goes by the name of </span><span style=\"margin:0px;padding:0px;border:0px;font-weight:bold;font-family:Whitney, 'Helvetica Neue', Helvetica, Arial, sans-serif;font-size:16px;vertical-align:baseline;outline:0px;color:#dcddde;white-space:break-spaces;background-color:rgba(4, 4, 5, 0.07)\">Nexus Incorporated</span><span style=\"color:#dcddde;font-family:Whitney, 'Helvetica Neue', Helvetica, Arial, sans-serif;font-size:16px;white-space:break-spaces;background-color:rgba(4, 4, 5, 0.07)\">. On top of cornering the market for inter-dimensional adventuring, they also control all trade that passes through the Nexus.</span></p>",
  "authors": [],
  "flags": {},
  "version": "1.0.0",
  "minimumCoreVersion": "0.0.0",
  "compatibleCoreVersion": "1.0.0",
  "scripts": [],
  "esmodules": [],
  "styles": [],
  "languages": [],
  "packs": [],
  "system": "dnd5e",
  "dependencies": [],
  "socket": false,
  "protected": false,
  "background": "https://assets.forge-vtt.com/5fc57cb47467ca168ff9134a/background.png",
  "coreVersion": "0.8.8",
  "nextSession": "1970-01-01T00:00:00.000Z",
  "resetKeys": false,
  "safeMode": false
}